用户id,用户名,评论时间,IP地址,评论内容,点赞数量,aweme_id
1388037048645908,🐰小微微吖！,2026-03-09,河南,第一部是高尔夫，第二部是A3，第三部是什么车？,1,7598390738111466761
2659093446401168,小泽爱吃饺子,2026-01-25,广东,个人感觉还是 F1狂飙飞车好看点[暗中观察],1,7598390738111466761
3395733136610400,56330228052,2026-01-25,重庆,博纳起飞,1,7598390738111466761
1714835540677501,@中药材长沙哥,2026-02-05,湖南,博纳影业拉几个涨停板吧[赞][赞][赞],4,7598390738111466761
3802526735412151,心里.,2026-02-19,贵州,免费完整版！！！,1,7598390738111466761
101009875621,Demonless.Bai,2026-01-23,浙江,没有女主角的电影，真的好看,28,7598390738111466761
11212515965,Zephyr·Jadey,2026-01-23,河北,一看预算拉满的纪星[图片表情],358,7598390738111466761
2664810000418029,𝑪𝒉𝒆𝒇.陆,2026-02-20,江苏,飞驰人生4已经在偷偷上映了,0,7598390738111466761
1496851451745756,小甜9968,2026-03-09,广西,97秒是个创造奇迹的数字,1,7598390738111466761
1198935004423975,华星医械六扇门,2026-02-17,江苏,嗯，今天我刚看过的飞驰人生三,0,7598390738111466761
1980663917457499,美洋洋,2026-01-25,福建,第一部是高尔夫，第二部是A3，第三部是什么车？[图片表情],1,7598390738111466761
100933672164,退役集翔物,2026-01-26,山东,"记星：领导，咱预算多少
领导：上不封顶
张驰：什么叫我会不会开火箭[憨笑]",5,7598390738111466761
101688218934,About,2026-01-29,湖北,领克z20[钱],1,7598390738111466761
105291476626,异,2026-01-23,云南,龙文章都来，[给力]，必看,5,7598390738111466761
710743096308848,阿C,2026-01-24,广东,来不及解释了，下面登场的是,1,7598390738111466761
3809155855945567,木 木.,2026-01-24,青海,沈腾：现发家族大团建啦      白敬亭金晨：我俩退出呗？[图片表情],1,7598390738111466761
1996318732718255,沉醉不知归路,2026-01-28,湖南,月子1，月子2，月子3[戳手手]憋出来的绝对烂片,1,7598390738111466761
2412807534674784,缝系,2026-01-25,河南,"光看预告片给我一种感觉：
张弛—维斯塔潘
宇强—佩雷兹
继星—纽维[杀马特]",0,7598390738111466761
1371835274639424,巴洛克Goth,2026-01-24,浙江,预算拉满的记星[图片表情],1,7598390738111466761
96899172601,.7  🍥,2026-02-17,江苏,刚看完， 绝对刺激精彩，值得一看，特别是后半部分。,2,7598390738111466761
60942203398,猫子,2026-04-25,湖北,这句话真的很触动我,2180,7629631350202957547
1547750313828808,抖抖发瑟,2026-04-25,广东,网上什么时候可以看[流泪],2,7629631350202957547
65497135744,高高·,2026-04-26,安徽,不是的，机会只会出现在其中的一两次,8,7629631350202957547
522974422641821,大悦,2026-04-25,北京,谁董啊[苦涩][苦涩][苦涩],2,7629631350202957547
68737462448,芋泥·YIBO,2026-04-26,云南,看完3去看了1 2，我才明白为什么张弛如此坚持,4,7629631350202957547
276718814497495,威豹少年干饭团,2026-04-25,吉林,飞驰4，摩托传奇,2,7629631350202957547
101429742512,平安树,2026-04-26,山东,三刷的时候，从这句话开始我就哭的停不下来,0,7629631350202957547
98749551120,Red,2026-04-25,广东,把连牙蓝上,0,7629631350202957547
758028119847639,卡布叻-米九,2026-04-25,上海,10,0,7629631350202957547
3257181143045888,我的世界冷风,2026-04-25,上海,3,0,7629631350202957547
10677939328,伤心吗喽穿孔重度依赖,2026-04-25,山东,尹正牛逼[色],0,7629631350202957547
2497732719424383,🫧🍓,2026-04-25,广东,[赞][赞][赞][赞][赞],0,7629631350202957547
2986711554988488,明明白白和好的呀宝宝,2026-04-26,云南,[巧克力][福][巧克力][福][平安果][福][巧克力][月亮][图片表情],0,7629631350202957547
1593639884034424,椿天,2026-04-25,内蒙古,111[色][色][色][黄脸干杯][黄脸干杯][黄脸干杯],0,7629631350202957547
88365279146,air,2026-04-27,陕西,@Frank,0,7629631350202957547
3215443902339488,鄂F88888,2026-04-25,湖北,[爱心][爱心][爱心],1,7629631350202957547
4336949241848893,不厌椿,2026-02-19,重庆,难道没人懂undercut吗[捂脸],46,7608087748654911395
93107165351,Mr. Guo,2026-02-19,山东,周冠宇  山东淄博人。父亲是淄博很大的车行集团老板！,3,7608087748654911395
72068030473,扬哥YOUNGER,2026-02-18,湖北,到底是林还是张[看],0,7608087748654911395
3844373471586936,驭风的喵,2026-02-19,四川,我是在最后名单里看到的勒布，当时就惊呆了，这阵容太顶了,3,7608087748654911395
72310582040,Andersen,2026-02-24,海南,你读稿子都读错两次张臻东……,0,7608087748654911395
59066185393,哪鹕不开鹈哪鹕,2026-02-19,甘肃,[机智]两个车进隧道车灯一亮，我当时就说要关灯超车了。,2,7608087748654911395
3246221943114334,枫兰满城,2026-02-25,上海,不是哦，中国第一位是马青骅,0,7608087748654911395
67664547487,奇月份的尾巴,2026-02-21,黑龙江,带扳手是少林足球[呲牙],2,7608087748654911395
3329800268685502,寒泽皓🏸️,2026-02-19,山东,当时的关灯超车，我就说怎么这么眼熟 [捂脸],0,7608087748654911395
197558846370797,欧鸟忘机,2026-02-19,辽宁,我也是看了影评以后才知道这几个场面的意义，不然都不知道这几个人是谁[捂脸]这才叫真正的影评，而不是那种只会说影片烂的，,0,7608087748654911395
3699233616310654,L 阿星/装备版,2026-02-19,云南,日本车队 gr雅力士,0,7608087748654911395
108161292388,那小子贼坏,2026-02-18,青海,关灯超车是确实有点东西的，很帅很燃[赞],0,7608087748654911395
106006340961,老李家电软装清洗,2026-02-19,辽宁,赛车电影只有韩导拍出来的最专业[捂脸],1,7608087748654911395
1969954674989063,C10H14N2,2026-02-20,四川,周冠宇啊？没认出来[看],2,7608087748654911395
70826727165,飞泰の游戏世界,2026-02-20,上海,@豆包 提取文案,0,7608087748654911395
101301056595,名古屋鲸八🇵🇸,2026-02-19,陕西,勒芒24耐力赛 也有关灯超车,0,7608087748654911395
1588168251147736,进攻D点！,2026-02-20,山东,赛车总动员致敬什么了 2018年的纳斯卡 那一部的赛车总动员2006年的这算致敬？,0,7608087748654911395
662342070962179,梓昫陛下📷,2026-02-19,湖南,错了，不是赛车总动员致敬，是赛车上的复刻,0,7608087748654911395
1930351119704663,你可以叫我化腾（2026勇往直前版）,2026-02-19,山西,很像地平线5,0,7608087748654911395
94365510412,Racing,2026-02-20,广东,还有少林足球,0,7608087748654911395
96940310200,.Ambition,2026-04-27,山西,内燃机永不落幕[流泪][流泪],10,7629631847580761798
103581148704,河东的天空,2026-04-26,山西,评论区某些人对电影延期有意见的话，是不是应该先批判一下。疯狂动物城2，去年11月放到今年清明下下线，电影院放完之后上线了平台云影院卖几个月，才能vip免费看？,4,7629631847580761798
106412545121,她胃不好总吃辣,2026-04-26,四川,凌晨场没人，包场[看],4,7629631847580761798
2440569126134215,^_^,2026-04-26,河北,,0,7629631847580761798
2440569126134215,^_^,2026-04-26,河北,,0,7629631847580761798
1416592722508494,楊啸野,2026-04-26,河北,我没有想赢，我只是不想输[赞],0,7629631847580761798
3801466683525305,辞修,2026-04-26,甘肃,3分钟前,0,7629631847580761798
1337443541582125,小伍,2026-03-14,四川,你开过鸿蒙智行的gt7吗,0,7607677812887113012
92628213241,挖矿小能手,2026-02-17,山东,这片女主演的最好,0,7607677812887113012
4406465880932151,八方叻,2026-02-17,陕西,四海的后劲太大，到现在都没缓过来,23,7607677812887113012
2889170710954691,维修区刷紫,2026-02-17,江苏,看到小周了[色][色][色],1,7607677812887113012
2225010997997182,茉域美学·小管老师,2026-02-17,广东,如果我没记错的话好像韩寒拿了两次年度总冠军,9,7607677812887113012
22355850248,MMM,2026-02-17,河南,堂主 不干二手车了[杀马特],0,7607677812887113012
3649994470992711,秋水仙素,2026-02-17,湖北,我想起当年林志颖开特斯拉的事…想想特斯拉车主真要感谢小米[呲牙],5,7607677812887113012
103803398188,你好我叫谢小萌，叫我查尔斯好了,2026-02-17,四川,最感动的一慕,3,7607677812887113012
87091881162,幼稚园shark,2026-02-22,上海,大概十几年前，遇到过一位CTCC某厂队技师，同样的问题，他是这么说的文坛跑的最快的，车手写作最牛的。 主要还是333实力强。,2,7607677812887113012
95668146791,谁稀罕,2026-02-17,湖北,,1,7607677812887113012
67148183064,一昂yang,2026-02-20,江苏,斯堪的纳维亚钟摆需要和手刹结合吗？,0,7607677812887113012
3623623031791407,游戏天下,2026-02-21,安徽,难怪一个女的都没有[微笑],0,7607677812887113012
4160184803929438,金戈,2026-02-17,辽宁,刚看完，牛逼，好看,1,7607677812887113012
4481259555520836,嘔霍,2026-02-17,上海,什么时候上4啊,0,7607677812887113012
103204864476,好小仔🤒,2026-02-20,江苏,确实写实 因为张臻东ctcc也是个人车手[大笑],0,7607677812887113012
2358877304663287,独自离开,2026-02-17,四川,全片就给我一个字，爽,1,7607677812887113012
4283345935018072,tcoftc,2026-02-17,重庆,拉力赛还有undercut[捂脸],0,7607677812887113012
96195210880,FT,2026-02-18,江苏,讲拍摄故事的电影还是要慎重,0,7607677812887113012
7595139748772676665,知足长乐,2026-02-17,浙江,,0,7607677812887113012
4059002086899283,看不到你确看到了他,2026-02-22,宁夏,前半段我直接睡着了,0,7607677812887113012
51547628856,在路上，莫回首,2026-02-18,江苏,隔壁猴哥已经解密了550w一台，一共四台车,38,7607672025821570725
805266667605072,纯会长,2026-03-03,浙江,加油!超越那台黄色路特斯!!![比心][比心][比心][比心],0,7607672025821570725
92465742985,、凉水好凉,2026-02-22,浙江,刚刷到猴哥说了530w一台，这样的车准备了4台,1,7607672025821570725
65038907123,ALTEZZA咬地鲨🦈🦈🦈,2026-02-22,吉林,为啥不用rs3呢,0,7607672025821570725
94261631996,小孙手抖拧不紧,2026-02-20,湖北,“跟我玩脏！哈哈哈哈哈哈”[图片表情],0,7607672025821570725
85045001166,Leon·Maxim,2026-02-21,广西,帅就完事了[看],1,7607672025821570725
82557783094,遛街大爷,2026-02-17,江苏,去查查pegasus 是啥吧,1,7607672025821570725
105044683343,咬一口汉堡🍔,2026-02-19,河北,我不是想赢，我只是不想输,0,7607672025821570725
2722025785531643,宫二头肌,2026-02-19,广西,是不是已经开始开拍了？,3,7607672025821570725
290701259311004,用户8813278653734,2026-02-21,浙江,真车买不起呀，没钱[捂脸]打算去买个车模。[捂脸],0,7607672025821570725
3456499861689213,我是井盖，只求路过,2026-02-19,江苏,你来拍飞驰4吧，线索已经给你了,1,7607672025821570725
3935848700853051,万一？,2026-02-20,四川,主播晚上好漂亮[感谢][感谢][感谢][鼓掌][鼓掌][鼓掌][鼓掌][赞][赞][赞],0,7607672025821570725
57811769841,王者zz,2026-02-19,上海,该上传统手艺了[捂脸][捂脸][捂脸],0,7607672025821570725
7417452681733866554,泛泛之辈,2026-02-25,河南,原来叶经理叫叶勇,0,7607672025821570725
2258813724394867,关中王,2026-02-22,山东,4还出吗？,0,7607672025821570725
461422904738909,誓要入刀山277,2026-02-22,山东,韩寒都拿冠军，我国的赛车水平应该不高,0,7607672025821570725
2069721619638411,梦里千百度寻她,2026-03-01,安徽,这场面是真[赞],42,7611843054722354474
60948030205,珍惜,2026-03-01,广东,国版速度与激情[赞],42,7611843054722354474
2375366634905376,F莹,2026-03-29,黑龙江,只要没有绿幕就好,0,7611843054722354474
58718627279,爱莎ELSA,2026-03-01,辽宁,牛👍,1,7611843054722354474
1399047716086792,路过呀,2026-04-25,河南,夏天开始了，来你最想去哪里玩，一人一个,8,7632590658839562853
1399047716086792,路过呀,2026-04-25,河南,[戳手手]其实我挺好奇的有多少人怕水,5,7632590658839562853
2305036524465128,叙白,2026-04-27,安徽,请把背景音乐换成逮虾户,0,7632590658839562853
69805141316,神明偏爱鹿🦌,2026-04-25,福建,刺激哦 就是有点短[看],0,7632590658839562853
87123769790,爱摊手23,2026-04-26,江西,@Keroro 带哥哥我去玩,0,7632590658839562853
2168666046610951,🌈雲邊小賣鋪🚢,2026-04-25,贵州,饶饶哥哥去估计胆子都要吓破了[看],0,7632590658839562853
102872643524,小白同学^_^,2026-04-25,山西,小心翻车,0,7632590658839562853
87626797363,一介散修⸂⸂⸜👊⸝⸃⸃,2026-04-25,福建,刺激啊 宝贝[舔屏],1,7632590658839562853
875641165330387,简～爱🌹,2026-04-26,江西,看你玩，感觉方向盘要打冒烟了[尬笑],0,7632590658839562853
3259388045040708,潇洒的过客,2026-04-25,广东,去找范范吗,0,7632590658839562853
3289367990787944,-A7,2026-04-25,广东,来了来了,0,7632590658839562853
4081835274410112,Ronnie Barnes上校,2026-04-26,广东,I  ?,0,7632590658839562853
1662059707368510,一池萍碎,2026-04-26,广东,好刺激啊,0,7632590658839562853
84753889893,是婧婧吖（备战新疆➕阿拉木图）,2026-04-25,陕西,好玩  想玩,0,7632590658839562853
96678717849,克林想要自由(想爬雪山版）,2026-04-25,四川,@欢喜小琴子 这个好耍,0,7632590658839562853
97590842630,緣如水.,2026-04-25,浙江,玩漂流不去贵州？[撇嘴],0,7632590658839562853
248908746073352,刘大胜,2026-04-25,四川,加油，兄弟[666][666][666][图片表情],0,7632590658839562853
93540693785,八方来财,2026-04-26,河南,@未知数X @「等风」,0,7632590658839562853
4041435747192558,鼻屎拌饭还加蛋,2026-02-24,四川,最经典的场面 关灯超车,16,7608751381927044325
110179677270,蜘蛛侠侠,2026-02-28,湖北,电影里的A3和高尔夫那都不是一般炮！[666],2,7608751381927044325
1578542477883885,哈哈镜的一切,2026-02-21,上海,史蒂夫跑法,0,7608751381927044325
1854219736849130,黑狐狸,2026-03-13,广西,因为奥迪赞助了，要是奔驰赞助，电影就会换成奔驰车，宝马赞助就换成宝马车,27,7613305093735206184
4147004218279624,塞拉飞,2026-03-10,云南,因为奥迪给钱了,4,7613305093735206184
96765356942,路过都要望一望,2026-02-27,广东,讲真，有韩寒坐镇，我觉得唔会因为编剧情而脱离实际，反而有更多真实背景故事,15,7611112604559215918
93562780167,嗯？,2026-02-26,广东,[看]只要看过拉力赛，就会觉得拍得算保守了，真实的拉力赛全速过弯 上坡等等，像飞起来一样[捂脸],3,7611112604559215918
97418875391,YANSON,2026-02-27,广东,前驱车点跑拉力赛？[泪奔]智能分配都系有物理上噶四驱现有得比你分配啊。,0,7611112604559215918
3060653896248160,努力努力再努力,2026-02-18,北京,无门槛，没有设定，人设就是简单的脸谱。没有阅读障碍，全是情绪。一直加情绪，看的时候第一反应就是，就这？看完了才反应过来，原来是这！,29,7607883691171302682
85178699194,白帝,2026-02-18,福建,F1>飞驰3>惊蛰>60分，都看过。,0,7607883691171302682
2177496062115167,Любители полетов,2026-04-23,北京,而且为什么飞驰人生三没有巴音布鲁克了，是因为巴音布鲁克这条赛道需要修柏油路，把以前的沙石路替换掉不能再拍了。,0,7618478809456692515
66398214319,𝗚𝗨𝗔𝗡𝗚𝗨𝗔𝗡-,2026-03-22,河南,有，只不过不是赛道,11,7618478809456692515
3912506743982475,徐嘉泽😎,2026-04-03,吉林,有的有的，就在新疆，张弛原名沈腾,0,7618478809456692515
97560800897,果汁分你一半,2026-04-27,浙江,林臻东:老子有钱，又不差这一次冠军,1,7632314296315405282
1563919956836699,小小辰,2026-04-26,江苏,[吐血][吐血][吐血],0,7632872126056639089
453466905122685,不慌不忙,2026-04-26,新疆,[玫瑰],0,7632872126056639089
391846192220910,用户5024257542414,2026-04-26,广东,666,0,7632872126056639089
1735485880285280,我是小石头,2026-04-26,河北,1,0,7632872126056639089
1563919956836699,小小辰,2026-04-26,江苏,[气球][气球][气球],0,7632872126056639089
2666784433118521,太子爷,2026-04-26,广东,[呲牙][呲牙],0,7632872126056639089
100778012882,sky,2026-03-05,河南,你们领导还催你涨粉吗？,0,7613732732329967973
59473063800,CK_,2026-03-06,北京,多少键盘侠还没有一个女人懂车,0,7613732732329967973
2456728038026941,诗与远方宁采臣,2026-03-30,浙江,[图片表情],0,7613732732329967973
109587640473,溺水鱼,2026-04-26,广东,说真的，在内娱没有男女恋爱戏份的电影，是真的少！什么电影都得加点爱情进去,18,7632998134435564850
1802792984908990,没羽箭123456,2026-02-05,内蒙古,什么时候说电车代替油车？电车的出现是让工资少的人也来消费，至于高档燃油车有冲击，但很难淘汰，电车不自燃再说吧！,0,7602942739247860992
3021899851903704,ℕ𝒾𝒶𝓃 𝒳𝒾𝒶,2026-02-24,河北,你是最清醒的人，你对世间的一切都看的很透彻，所有的事情你都懂得，你总能提出最精准最准确的见解，你把人心看的很明白，和每个人的关系你都能精准把握，你掌握世界上所有小众正确的事情，这种众人皆醉我独醒的感觉让你觉得非常的爽，特立独行让你觉得你是为数不多的人才，你简直就是世界的观察者、真理的代言人、清醒的化身。在这庸庸碌碌的人群中，你犹如一把利刃，划破迷雾，看透人性深处的每一丝伪装与虚假。你总是站在绝对理性的制高点，用那双洞穿一切的眼睛，将隐藏在表象之下的本质毫无保留地揭露出来。每一次分析、每一次判断，都仿佛精准到令人叹为观止，击中事物的核心，闪耀着独一无二的智慧光芒。人类的愚钝与短视在你面前显得如此苍白无力，甚至连多余的掩饰都显得徒劳无功。在你眼中，这个世界的复杂不过是规则的堆叠，芸芸众生的努力不过是盲目的挣扎。而你的清醒，让这些愚昧显得更加可笑。你会看个几把[钱],2,7610022593114864313
62418986419,东北粘苞米🌽,2026-03-09,吉林,感觉很好看啊 [抠鼻]  怎么那么爱挑毛病呢 [戳手手][图片表情],6,7610022593114864313
1388037048645908,🐰小微微吖！,2026-03-10,河南,你是最清醒的人，你对世间的一切都看的很透彻，所有的事情你都懂得，你总能提出最精准最准确的见解，你把人心看的很明白，和每个人的关系你都能精准把握，你掌握世界上所有小众正确的事情，这种众人皆醉我独醒的感觉让你觉得非常的爽，特立独行让你觉得你是为数不多的人才，你简直就是世界的观察者、真理的代言人、清醒的化身。在这庸庸碌碌的人群中，你犹如一把利刃，划破迷雾，看透人性深处的每一丝伪装与虚假。你总是站在绝对理性的制高点，用那双洞穿一切的眼睛，将隐藏在表象之下的本质毫无保留地揭露出来。每一次分析、每一次判断，都仿佛精准到令人叹为观止，击中事物的核心，闪耀着独一无二的智慧光芒。人类的愚钝与短视在你面前显得如此苍白无力，甚至连多余的掩饰都显得徒劳无功。在你眼中，这个世界的复杂不过是规则的堆叠，芸芸众生的努力不过是盲目的挣扎。而你的清醒，让这些愚昧显得更加可笑。你会看个几把[钱],1,7610022593114864313
355894088176772,哈哈,2026-02-28,内蒙古,我去，广告。?[笑哭][笑哭][笑哭][抱抱你][抱抱你],5,7610022593114864313
64338599294,一只小hanhan,2026-02-26,山东,套娃[裂开],0,7610022593114864313
94627853257,退🤺退🤺退🤺,2026-02-25,安徽,和二不一样吧,0,7610022593114864313
84669848955,桑榆,2026-02-24,河南,只有开头有广告啊,0,7610022593114864313
62599263973,何工子,2026-03-03,广东,水了一部,0,7610022593114864313
1160720576426829,柠,2026-02-28,内蒙古,起号失败,0,7610022593114864313
2722808631660619,t,2026-02-24,广东,你是最清醒的人，你对世间的一切都看的很透彻，所有的事情你都懂得，你总能提出最精准最准确的见解，你把人心看的很明白，和每个人的关系你都能精准把握，你掌握世界上所有小众正确的事情，这种众人皆醉我独醒的感觉让你觉得非常的爽，特立独行让你觉得你是为数不多的人才，你简直就是世界的观察者、真理的代言人、清醒的化身。在这庸庸碌碌的人群中，你犹如一把利刃，划破迷雾，看透人性深处的每一丝伪装与虚假。你总是站在绝对理性的制高点，用那双洞穿一切的眼睛，将隐藏在表象之下的本质毫无保留地揭露出来。每一次分析、每一次判断，都仿佛精准到令人叹为观止，击中事物的核心，闪耀着独一无二的智慧光芒。人类的愚钝与短视在你面前显得如此苍白无力，甚至连多余的掩饰都显得徒劳无功。在你眼中，这个世界的复杂不过是规则的堆叠，芸芸众生的努力不过是盲目的挣扎。而你的清醒，让这些愚昧显得更加可笑。你会看个几把[钱],78,7610022593114864313
1978729919158688,岁月负缠绵,2026-02-23,江苏,女人懂开车吗？我就觉得很好看很激情！你们就去看看霸道总裁爱上我就行了,3,7610022593114864313
68609759264,红凤凰黄凤凰粉红凤凰花凤凰,2026-02-24,上海,说实话，3最厉害的就是在会议室就比完了。内部规则内部定，你尽管努力，其实结果早已内定。,0,7610022593114864313
109579651367,Bessie,2026-02-24,安徽,刚看过好看，尤其赛车片段，很燃，推荐[赞]儿子也喜欢看,1,7607858515286394274
96991410275,小雨待晴天,2026-02-18,福建,全剧透啊,0,7607858515286394274
2628253220349532,花剌子模國玉龍傑赤的鑄劍師,2026-02-18,宁夏,啥时候出枪版,2,7607858515286394274
111186766865,溯宁,2026-02-18,河南,第三部的剧情肯定没有前两部要好，但是第三部从头到尾都在比赛，爽就完了,3,7607858515286394274
85446130601,人类研究院：王院长,2026-02-24,四川,昨天刚看完，估计今年奥迪得大卖[捂脸][捂脸][捂脸][捂脸],0,7607959857710281573
99828370946,<OREO>,2026-02-24,安徽,张驰帮忙推车完赛？？？ 那是林臻东让他吃尾流降低风阻好提速吧[尬笑][尬笑][尬笑],0,7608823798670808250
1560913427304094,翻滚吧豆浆,2026-04-26,河北,只要他们不抹黑，刻板印象女角色就行了，什么雌竞啊，遇到事就尖叫啊，干蠢事啊，拖后腿啊，现在没有就没有呗,2,7632839864228818853
111264327382,兔兔兔,2026-04-27,天津,瘦了尹正,1,7633076073441316106
2189829385758520,我的neo2（FPV）,2026-04-26,江苏,当时好像是把悟3绑在穿越机上拍的,0,7632955440749399336
3632377706328973,小熊不生气😜,2026-04-26,吉林,一点就点赞了，整不了。,0,7632855423909427379
417469928051885,雾笺.,2026-04-26,湖北,朋友们时间是错的看个乐就行[憨笑],0,7633046527623213248
508433600360508,佩佩,2026-04-27,山东,生命树太好看了实至名归点赞[比心][比心][比心][玫瑰][玫瑰][玫瑰][赞][赞][赞],0,7633349431672261928
1231053069747198,爱吃真知棒的丞星,2026-04-27,浙江,？[泣不成声],0,7632997614044801145
60764246137,7😈,2026-02-28,上海,但这玩意只剩A3的一个壳了啊  跟量产A3有什么关系？,2,7610811939631251450
43580664592275,欢迎,2026-04-27,上海,老特聪明[疑问][疑问][疑问],0,7633359650713047211
79173797793,XXY,2026-03-09,湖南,中登还有机会[捂脸],1,7615218798152518946
3488127100913991,77,2026-04-27,广东,,1,7632998438045339365
2225839996149199,咪.,2026-04-27,广东,我靠…写的太好了吧我已经哭了老师你把两人的性格和关系抓的好准啊 一点都不ooc像原作一样 看得我心痛痛的怎么回事两个人就这样淡淡的过一辈子吧不要再分开了[流泪],1,7633136060806414562
3368505955596632,郭振,2026-04-27,上海,大概率还是亏损，儒意也才刚刚盈利不到1个亿,0,7633301139210964267
1238508752602768,RC猪猪侠,2026-04-26,黑龙江,[呲牙][呲牙][呲牙],0,7633016947048153710
110803816744,DL-乌萨鸡,2026-04-26,广东,那么喜欢飞驰人生吗,1,7632965238716431731
10034650171,玉凤,2026-03-07,福建,[赞][赞][赞][赞][赞][赞][赞][发怒][发怒],1,7612625118175282341
3109039313788446,平安,2026-04-27,广东,[图片表情],0,7633066624794304241
3773129686539471,JERRY.,2026-04-27,河北,第一部最好看,0,7632649392739186058
1406970510720168,不倒霉熊全集,2026-04-27,四川,机盖掀起来不是赛场上发生的真事吗？（无恶意纯问）,1,7632994104087555045
102926169705,锦哥,2026-04-27,福建,亏损公司今天还涨了，A股没救了,0,7633365397944749363
109975948393,chr166,2026-04-26,上海,当引擎的轰鸣归于寂静，当赛道的扬尘落定，我才明白，这场跨越七年的飞驰，从未停止。这不是一场简单的竞速，而是一次从个人到集体的跃迁。张驰不再是那个孤胆英雄，他身后的团队，是比赛车更坚固的铠甲。曾经的对手，如今并肩作战，赛车的轨迹，画出了信任的弧度。雪山的寒风中，悬崖的弯道上，他们用血肉之躯，挑战自然的极限。那近50分钟的赛车戏，不是炫技，而是向热爱的致敬。每一次漂移，每一次换挡，都在诉说着，对梦想的执着。笑声与泪水交织，热血与温情相融。沈腾的表演，不再是单纯的搞笑，而是沉淀了岁月的厚度。他的每一个表情，每一个动作，都刻着中年人的妥协与不甘，父亲的笨拙与深爱。这不是一场完美的电影，它有瑕疵，有不足。但它却用真诚，打动了无数人的心。向普通人致敬—《飞驰人生3》小视频与你分享。,0,7632981879680278627
2044733913833064,四姑娘,2026-04-26,四川,[比心][比心][比心],0,7633032788808373425
362215818397500,用户7360497933111,2026-04-27,甘肃,傻逼又给我禁了？,0,7633395490541210022
